-- insert equipe + jogador e mapa

-- vitality
INSERT INTO csgo_database.equipe (id, nome, regiao, coach) VALUES (9565, 'Vitality', 'Europa', 'Danny \'zonic\' Sorensen');
INSERT INTO csgo_database.jogador (id, nome, apelido, pais, equipe_id) VALUES (11893, 'Mathieu Herbaut', 'ZywOo', 'Franca', 9565);
INSERT INTO csgo_database.jogador (id, nome, apelido, pais, equipe_id) VALUES (18221, 'Lotan Giladi', 'Spinx', 'Israel', 9565);
INSERT INTO csgo_database.jogador (id, nome, apelido, pais, equipe_id) VALUES (9032, 'Emil Reif', 'Magisk', 'Dinamarca', 9565);
INSERT INTO csgo_database.jogador (id, nome, apelido, pais, equipe_id) VALUES (7398, 'Peter Rasmussen', 'dupreeh', 'Dinamarca', 9565);
INSERT INTO csgo_database.jogador (id, nome, apelido, pais, equipe_id) VALUES (7322, 'Dan Madesclaire', 'apEX', 'Franca', 9565);

-- c9
INSERT INTO csgo_database.equipe (id, nome, regiao, coach) VALUES (5752, 'Cloud9', 'Russia', 'Konstantin \'groove\' Pikiner');
INSERT INTO csgo_database.jogador (id, nome, apelido, pais, equipe_id) VALUES (16920, 'Dmitry Sokolov', 'sh1ro', 'Russia', 5752);
INSERT INTO csgo_database.jogador (id, nome, apelido, pais, equipe_id) VALUES (16555, 'Sergey Rykhtorov', 'Ax1Le', 'Russia', 5752);
INSERT INTO csgo_database.jogador (id, nome, apelido, pais, equipe_id) VALUES (8528, 'Abay Khassenov', 'HObbit', 'Cazaquistao', 5752);
INSERT INTO csgo_database.jogador (id, nome, apelido, pais, equipe_id) VALUES (11942, 'Timur Tulepov', 'buster', 'Cazaquistao', 5752);
INSERT INTO csgo_database.jogador (id, nome, apelido, pais, equipe_id) VALUES (16921, 'Vladislav Gorshkov', 'nafany', 'Russia', 5752);

-- heroic
INSERT INTO csgo_database.equipe (id, nome, regiao, coach) VALUES (7175, 'Heroic', 'Dinamarca', 'Richard \'Xizt\' Landstrom');
INSERT INTO csgo_database.jogador (id, nome, apelido, pais, equipe_id) VALUES (10994, 'Martin Lund', 'stavn', 'Dinamarca', 7175);
INSERT INTO csgo_database.jogador (id, nome, apelido, pais, equipe_id) VALUES (7964, 'Casper Moller', 'cadiaN', 'Dinamarca', 7175);
INSERT INTO csgo_database.jogador (id, nome, apelido, pais, equipe_id) VALUES (17956, 'Jakob Nygaard', 'jabbi', 'Dinamarca', 7175);
INSERT INTO csgo_database.jogador (id, nome, apelido, pais, equipe_id) VALUES (12018, 'Rene Madsen', 'TeSeS', 'Dinamarca', 7175);
INSERT INTO csgo_database.jogador (id, nome, apelido, pais, equipe_id) VALUES (14148, 'Rasmus Beck', 'sjuush', 'Dinamarca',7175);

-- navi
INSERT INTO csgo_database.equipe (id, nome, regiao, coach) VALUES (4608, 'Natus Vincere', 'Ucrania', 'Andrey \'B1ad3\' Gorodenskiy');
INSERT INTO csgo_database.jogador (id, nome, apelido, pais, equipe_id) VALUES (7998, 'Oleksandr Kostyliev', 's1mple', 'Ucrania', 4608);
INSERT INTO csgo_database.jogador (id, nome, apelido, pais, equipe_id) VALUES (8918, 'Denis Sharipov', 'electroNic', 'Russia', 4608);
INSERT INTO csgo_database.jogador (id, nome, apelido, pais, equipe_id) VALUES (18987, 'Valeriy Vakhovskiy', 'b1t', 'Ucrania', 4608);
INSERT INTO csgo_database.jogador (id, nome, apelido, pais, equipe_id) VALUES (16947, 'Ilya Zalutskiy', 'Perfecto', 'Russia', 4608);
INSERT INTO csgo_database.jogador (id, nome, apelido, pais, equipe_id) VALUES (21708, 'Andrii Kukharskyi', 'npl', 'Ucrania', 4608);

-- faze
INSERT INTO csgo_database.equipe (id, nome, regiao, coach) VALUES (6667, 'FaZe', 'Europa', 'Robert \'RobbaN\' Dahlstrom');
INSERT INTO csgo_database.jogador (id, nome, apelido, pais, equipe_id) VALUES (18053, 'Helvijs Saukants', 'broky', 'Letonia', 6667);
INSERT INTO csgo_database.jogador (id, nome, apelido, pais, equipe_id) VALUES (11816, 'Robin Kool', 'ropz', 'Estonia', 6667);
INSERT INTO csgo_database.jogador (id, nome, apelido, pais, equipe_id) VALUES (10394, 'Russel Van Dulken', 'Twistzz', 'Canada', 6667);
INSERT INTO csgo_database.jogador (id, nome, apelido, pais, equipe_id) VALUES (8183, 'Havard Nygaard', 'rain', 'Noruega', 6667);
INSERT INTO csgo_database.jogador (id, nome, apelido, pais, equipe_id) VALUES (429, 'Finn Andersen', 'karrigan', 'Dinamarca', 6667);

-- g2
INSERT INTO csgo_database.equipe (id, nome, regiao, coach) VALUES (5995, 'G2', 'Europa', 'Jan \'Swani\' Muller');
INSERT INTO csgo_database.jogador (id, nome, apelido, pais, equipe_id) VALUES (3741, 'Nikola Kovac', 'NiKo', 'Bosnia e Herzegovina', 5995);
INSERT INTO csgo_database.jogador (id, nome, apelido, pais, equipe_id) VALUES (19230, 'Ilya Osipov', 'm0NESY', 'Russia', 5995);
INSERT INTO csgo_database.jogador (id, nome, apelido, pais, equipe_id) VALUES (3972, 'Nemanja Kovac', 'huNter-', 'Bosnia e Herzegovina', 5995);
INSERT INTO csgo_database.jogador (id, nome, apelido, pais, equipe_id) VALUES (4679, 'Justin Savage', 'jks', 'Australia', 5995);
INSERT INTO csgo_database.jogador (id, nome, apelido, pais, equipe_id) VALUES (10096, 'Rasmus Nielsen', 'HooXi', 'Dinamarca', 5995);

-- mouz
INSERT INTO csgo_database.equipe (id, nome, regiao, coach) VALUES (4494, 'MOUZ', 'Europa', 'Dennis \'sycrone\' Nielsen');
INSERT INTO csgo_database.jogador (id, nome, apelido, pais, equipe_id) VALUES (9960, 'David Cernansky', 'frozen', 'Eslovaquia', 4494);
INSERT INTO csgo_database.jogador (id, nome, apelido, pais, equipe_id) VALUES (18072, 'Adam Torzsas', 'torzsi', 'Hungria', 4494);
INSERT INTO csgo_database.jogador (id, nome, apelido, pais, equipe_id) VALUES (14929, 'Jon de Castro', 'JDC', 'Alemanha', 4494);
INSERT INTO csgo_database.jogador (id, nome, apelido, pais, equipe_id) VALUES (9115, 'Christopher Nong', 'dexter', 'Australia', 4494);
INSERT INTO csgo_database.jogador (id, nome, apelido, pais, equipe_id) VALUES (20312, 'Dorian Berman', 'xertioN', 'Israel', 4494);

-- imperial
INSERT INTO csgo_database.equipe (id, nome, regiao, coach) VALUES (9455, 'Imperial', 'Brasil', 'Rafael \'zakk\' Fernandes');
INSERT INTO csgo_database.jogador (id, nome, apelido, pais, equipe_id) VALUES (2023, 'Gabriel Toledo', 'FalleN', 'Brasil', 9455);
INSERT INTO csgo_database.jogador (id, nome, apelido, pais, equipe_id) VALUES (8568, 'Ricardo Prass', 'boltz', 'Brasil', 9455);
INSERT INTO csgo_database.jogador (id, nome, apelido, pais, equipe_id) VALUES (10566, 'Marcelo Cespedes', 'chelo', 'Brasil', 9455);
INSERT INTO csgo_database.jogador (id, nome, apelido, pais, equipe_id) VALUES (12822, 'Vinicius Figueiredo', 'VINI', 'Brasil', 9455);
INSERT INTO csgo_database.jogador (id, nome, apelido, pais, equipe_id) VALUES (17861, 'Jhonatan Willian', 'JOTA', 'Brasil', 9455);

-- ence
INSERT INTO csgo_database.equipe (id, nome, regiao, coach) VALUES (4869, 'ENCE', 'Europa', 'Eetu \'sAw\' Saha');
INSERT INTO csgo_database.jogador (id, nome, apelido, pais, equipe_id) VALUES (19164, 'Alvaro Garcia', 'SunPayus', 'Espanha', 4869);
INSERT INTO csgo_database.jogador (id, nome, apelido, pais, equipe_id) VALUES (922, 'Marco Pfeiffer', 'Snappi', 'Dinamarca', 4869);
INSERT INTO csgo_database.jogador (id, nome, apelido, pais, equipe_id) VALUES (9436, 'Guy Iluz', 'NertZ', 'Israel', 4869);
INSERT INTO csgo_database.jogador (id, nome, apelido, pais, equipe_id) VALUES (11777, 'Pavle Boskovic', 'Maden', 'Montenegro', 4869);
INSERT INTO csgo_database.jogador (id, nome, apelido, pais, equipe_id) VALUES (16080, 'Pawel Dycha', 'dycha', 'Polonia', 4869);

-- astralis
INSERT INTO csgo_database.equipe (id, nome, regiao, coach) VALUES (6665, 'Astralis', 'Dinamarca', 'Peter \'casle\' Ardenskjold');
INSERT INTO csgo_database.jogador (id, nome, apelido, pais, equipe_id) VALUES (15165, 'Benjamin Bremer', 'blameF', 'Dinamarca', 6665);
INSERT INTO csgo_database.jogador (id, nome, apelido, pais, equipe_id) VALUES (7592, 'Nicolai Reedtz', 'device', 'Dinamarca', 6665);
INSERT INTO csgo_database.jogador (id, nome, apelido, pais, equipe_id) VALUES (9896, 'Johannes Borup', 'b0RUP', 'Dinamarca', 6665);
INSERT INTO csgo_database.jogador (id, nome, apelido, pais, equipe_id) VALUES (20304, 'Victor Staehr', 'Staehr', 'Dinamarca', 6665);
INSERT INTO csgo_database.jogador (id, nome, apelido, pais, equipe_id) VALUES (20941, 'Christian Andersen', 'Buzz', 'Dinamarca', 6665);

-- nip
INSERT INTO csgo_database.equipe (id, nome, regiao, coach) VALUES (4411, 'Ninjas in Pyjamas', 'Europa', 'Daniel \'djL\' Narancic');
INSERT INTO csgo_database.jogador (id, nome, apelido, pais, equipe_id) VALUES (9078, 'Kristian Wienecke', 'k0nfig', 'Dinamarca', 4411);
INSERT INTO csgo_database.jogador (id, nome, apelido, pais, equipe_id) VALUES (9278, 'Fredrik Sterner', 'REZ', 'Suecia', 4411);
INSERT INTO csgo_database.jogador (id, nome, apelido, pais, equipe_id) VALUES (9766, 'Hampus Poser', 'hampus', 'Suecia', 4411);
INSERT INTO csgo_database.jogador (id, nome, apelido, pais, equipe_id) VALUES (13666, 'Ludvig Brolin', 'Brollan', 'Suecia', 4411);
INSERT INTO csgo_database.jogador (id, nome, apelido, pais, equipe_id) VALUES (19592, 'Daniil Valitov', 'headtr1ck', 'Ucrania', 4411);

-- complexity
INSERT INTO csgo_database.equipe (id, nome, regiao, coach) VALUES (5005, 'Complexity', 'America do Norte', 'Tiaan \'T.c\' Coertzen');
INSERT INTO csgo_database.jogador (id, nome, apelido, pais, equipe_id) VALUES (11630, 'Johnny Theodosiou', 'JT', 'Africa do Sul', 5005);
INSERT INTO csgo_database.jogador (id, nome, apelido, pais, equipe_id) VALUES (12713, 'Ricky Kemery', 'floppy', 'Estados Unidos', 5005);
INSERT INTO csgo_database.jogador (id, nome, apelido, pais, equipe_id) VALUES (12840, 'Hakon Fjaerli', 'hallzerk', 'Noruega', 5005);
INSERT INTO csgo_database.jogador (id, nome, apelido, pais, equipe_id) VALUES (13578, 'Michael Wince', 'Grim', 'Estados Unidos', 5005);
INSERT INTO csgo_database.jogador (id, nome, apelido, pais, equipe_id) VALUES (17372, 'Justin Coakley', 'FaNG', 'Canada', 5005);

-- furia
INSERT INTO csgo_database.equipe (id, nome, regiao, coach) VALUES (8297,'FURIA', 'Brasil', 'Nicholas \'guerri\' Nogueira');
INSERT INTO csgo_database.jogador (id, nome, apelido, pais, equipe_id) VALUES (15631, 'Kaike Cerato', 'KSCERATO', 'Brasil', 8297);
INSERT INTO csgo_database.jogador (id, nome, apelido, pais, equipe_id) VALUES (12521, 'Andrei Piovezan', 'arT', 'Brasil', 8297);
INSERT INTO csgo_database.jogador (id, nome, apelido, pais, equipe_id) VALUES (12553, 'Yuri Santos', 'yuurih', 'Brasil', 8297);
INSERT INTO csgo_database.jogador (id, nome, apelido, pais, equipe_id) VALUES (18835, 'Rafael Costa', 'saffee', 'Brasil', 8297);
INSERT INTO csgo_database.jogador (id, nome, apelido, pais, equipe_id) VALUES (19750, 'André Abreu', 'drop', 'Brasil', 8297);

-- insert into mapa
INSERT INTO csgo_database.mapa (id, nome) VALUES (32, 'Mirage');
INSERT INTO csgo_database.mapa (id, nome) VALUES (33, 'Inferno');
INSERT INTO csgo_database.mapa (id, nome) VALUES (40, 'Overpass');
INSERT INTO csgo_database.mapa (id, nome) VALUES (34, 'Nuke');
INSERT INTO csgo_database.mapa (id, nome) VALUES (31, 'Dust2');
INSERT INTO csgo_database.mapa (id, nome) VALUES (35, 'Train');
INSERT INTO csgo_database.mapa (id, nome) VALUES (29, 'Cache');
INSERT INTO csgo_database.mapa (id, nome) VALUES (46, 'Vertigo');
INSERT INTO csgo_database.mapa (id, nome) VALUES (39, 'Cobblestone');
INSERT INTO csgo_database.mapa (id, nome) VALUES (47, 'Ancient');
INSERT INTO csgo_database.mapa (id, nome) VALUES (48, 'Anubis');

DELETE FROM csgo_database.mapa WHERE id = 31 OR id = 35 OR id = 29 OR id = 39;

